{"cameraMode":{"drawMode":0,"name":"Shaded","section":"Shading Mode"},"sceneLighting":true,"audioPlay":false,"sceneViewState":{"showFog":true,"showMaterialUpdate":false,"showSkybox":true,"showFlares":true,"showImageEffects":true,"showParticleSystems":true,"showVisualEffectGraphs":true,"m_FxEnabled":true},"in2DMode":false,"pivot":{"x":-0.10953569412231446,"y":1.954965591430664,"z":-0.8633580207824707},"rotation":{"x":-0.04099731147289276,"y":0.9286800622940064,"z":-0.10803375393152237,"w":-0.35242265462875368},"size":2.1665542125701906,"orthographic":false}