{"cameraMode":{"drawMode":0,"name":"Shaded","section":"Shading Mode"},"sceneLighting":true,"audioPlay":false,"sceneViewState":{"showFog":true,"showMaterialUpdate":false,"showSkybox":true,"showFlares":true,"showImageEffects":true,"showParticleSystems":true,"showVisualEffectGraphs":true,"m_FxEnabled":true},"in2DMode":false,"pivot":{"x":-0.2700101435184479,"y":0.802789032459259,"z":-1.189652919769287},"rotation":{"x":0.11511482298374176,"y":0.047361671924591067,"z":-0.005493298172950745,"w":0.9922258257865906},"size":0.7036238312721252,"orthographic":true}