{"cameraMode":{"drawMode":0,"name":"Shaded","section":"Shading Mode"},"sceneLighting":true,"audioPlay":false,"sceneViewState":{"showFog":true,"showMaterialUpdate":false,"showSkybox":true,"showFlares":true,"showImageEffects":true,"showParticleSystems":true,"showVisualEffectGraphs":true,"m_FxEnabled":true},"in2DMode":false,"pivot":{"x":0.504151463508606,"y":0.6899415254592896,"z":1.0276107788085938},"rotation":{"x":0.029967166483402253,"y":0.04346669465303421,"z":-0.001304506789892912,"w":0.9986063241958618},"size":2.420161485671997,"orthographic":false}